gvkey,datadate,fyear,indfmt,consol,popsrc,datafmt,tic,curcd,act,ceq,ch,cogs,csho,cshpri,dv,dvp,epspx,invch,invt,ivst,lct,ni,recch,rect,sale,tstkn,txt,xint,costat,prcc_f
001690,2010-09-30,2010,INDL,C,D,STD,AAPL,USD,41678.0000,47791.0000,11261.0000,38609.0000,915.9700,909.4610,0.0000,0.0000,15.4100,-596.0000,1051.0000,14359.0000,20722.0000,14013.0000,-4860.0000,9924.0000,65225.0000,0.0000,4527.0000,0.0000,A,283.7500
001690,2011-09-30,2011,INDL,C,D,STD,AAPL,USD,44988.0000,76615.0000,9815.0000,62609.0000,929.2770,924.2580,0.0000,0.0000,28.0500,275.0000,776.0000,16137.0000,27970.0000,25922.0000,-1791.0000,11717.0000,108249.0000,0.0000,8283.0000,0.0000,A,381.3200
001690,2012-09-30,2012,INDL,C,D,STD,AAPL,USD,57653.0000,118210.0000,10746.0000,84641.0000,939.2080,934.8180,2488.0000,0.0000,44.6400,-15.0000,791.0000,18383.0000,38542.0000,41733.0000,-6965.0000,18692.0000,156508.0000,0.0000,14030.0000,0.0000,A,667.1050
001690,2013-09-30,2013,INDL,C,D,STD,AAPL,USD,73286.0000,123549.0000,14259.0000,99849.0000,899.2130,925.3310,10564.0000,0.0000,40.0300,-973.0000,1764.0000,26287.0000,43658.0000,37037.0000,-1949.0000,20641.0000,170910.0000,0.0000,13118.0000,136.0000,A,476.7500
001690,2014-09-30,2014,INDL,C,D,STD,AAPL,USD,68531.0000,111547.0000,13844.0000,104312.0000,5866.1610,6085.5720,11126.0000,0.0000,6.4900,-76.0000,2111.0000,11233.0000,63448.0000,39510.0000,-6452.0000,27219.0000,182795.0000,0.0000,13973.0000,384.0000,A,100.7500
001690,2015-09-30,2015,INDL,C,D,STD,AAPL,USD,89378.0000,119355.0000,21120.0000,129589.0000,5578.7530,5753.4210,11561.0000,0.0000,9.2800,-238.0000,2349.0000,20481.0000,80610.0000,53394.0000,-3124.0000,30343.0000,233715.0000,0.0000,19121.0000,733.0000,A,110.3000
001690,2016-09-30,2016,INDL,C,D,STD,AAPL,USD,106869.0000,128249.0000,20484.0000,121576.0000,5336.1660,5470.8200,12150.0000,0.0000,8.3500,217.0000,2132.0000,46671.0000,79006.0000,45687.0000,1044.0000,29299.0000,215091.0000,0.0000,15685.0000,1456.0000,A,113.0500
001690,2017-09-30,2017,INDL,C,D,STD,AAPL,USD,128645.0000,134047.0000,20289.0000,131648.0000,5126.2010,5217.2420,12769.0000,0.0000,9.2700,-2723.0000,4855.0000,53892.0000,100814.0000,48351.0000,-6347.0000,35673.0000,229234.0000,0.0000,15738.0000,2323.0000,A,154.1200
001690,2018-09-30,2018,INDL,C,D,STD,AAPL,USD,131339.0000,107147.0000,25913.0000,154456.0000,4754.9860,4955.3770,13712.0000,0.0000,12.0100,828.0000,3956.0000,40388.0000,116866.0000,59531.0000,-13332.0000,48995.0000,265359.0000,0.0000,13372.0000,3240.0000,A,225.7400
001690,2019-09-30,2019,INDL,C,D,STD,AAPL,USD,162819.0000,90488.0000,48844.0000,150482.0000,4443.2360,4617.8340,14119.0000,0.0000,11.9700,-289.0000,4106.0000,51736.0000,105718.0000,55256.0000,3176.0000,45804.0000,260174.0000,0.0000,10481.0000,3576.0000,A,223.9700
001690,2020-09-30,2020,INDL,C,D,STD,AAPL,USD,143713.0000,65339.0000,38016.0000,159859.0000,16976.7630,17352.1190,14081.0000,0.0000,3.3100,-127.0000,4061.0000,52963.0000,105392.0000,57411.0000,8470.0000,37445.0000,274515.0000,0.0000,9680.0000,2873.0000,A,115.8100
001690,2021-09-30,2021,INDL,C,D,STD,AAPL,USD,134836.0000,63090.0000,34940.0000,203481.0000,16426.7860,16701.2720,14467.0000,0.0000,5.6700,-2642.0000,6580.0000,27699.0000,125481.0000,94680.0000,-14028.0000,51506.0000,365817.0000,0.0000,14527.0000,2645.0000,A,141.5000
001690,2022-09-30,2022,INDL,C,D,STD,AAPL,USD,135405.0000,50672.0000,23646.0000,214846.0000,15943.4250,16215.9630,14841.0000,0.0000,6.1500,1484.0000,4946.0000,24658.0000,153982.0000,99803.0000,-9343.0000,60932.0000,394328.0000,0.0000,19300.0000,2931.0000,A,138.2000
004839,2010-12-31,2010,INDL,C,D,STD,F,USD,,-673.0000,14805.0000,100478.0000,3782.7110,3449.0000,0.0000,0.0000,1.9000,-903.0000,5917.0000,14207.0000,,6561.0000,,77458.0000,128954.0000,,592.0000,6152.0000,A,16.7900
004839,2011-12-31,2011,INDL,C,D,STD,F,USD,,15028.0000,17148.0000,109800.0000,3800.7470,3793.0000,0.0000,0.0000,5.3300,-367.0000,5901.0000,14984.0000,,20213.0000,,78541.0000,136264.0000,,-11541.0000,4431.0000,A,10.7600
004839,2012-12-31,2012,INDL,C,D,STD,F,USD,,15947.0000,15659.0000,108913.0000,3922.2480,3815.0000,763.0000,0.0000,1.4800,-1401.0000,7362.0000,18178.0000,,5665.0000,,82338.0000,134252.0000,,2056.0000,3828.0000,A,12.9500
004839,2013-12-31,2013,INDL,C,D,STD,F,USD,,26383.0000,14468.0000,121159.0000,3943.8220,3935.0000,1574.0000,0.0000,1.8200,-572.0000,7708.0000,20157.0000,,7155.0000,,87309.0000,146917.0000,,-147.0000,3689.0000,A,15.4300
004839,2014-12-31,2014,INDL,C,D,STD,F,USD,,24805.0000,10757.0000,119264.0000,3955.9420,3912.0000,1952.0000,0.0000,0.8100,-875.0000,7866.0000,17135.0000,,3187.0000,,92819.0000,144077.0000,,1156.0000,3517.0000,A,15.5000
004839,2015-12-31,2015,INDL,C,D,STD,F,USD,,28642.0000,14272.0000,119688.0000,3969.5130,3969.0000,2380.0000,0.0000,1.8600,-1155.0000,8319.0000,18181.0000,,7373.0000,,101975.0000,149558.0000,,2881.0000,3247.0000,A,14.0900
004839,2016-12-31,2016,INDL,C,D,STD,F,USD,108461.0000,29170.0000,15905.0000,121891.0000,3974.2970,3973.0000,3376.0000,0.0000,1.1600,-815.0000,8898.0000,22922.0000,90281.0000,4596.0000,,57591.0000,151800.0000,,2189.0000,3729.0000,A,12.1300
004839,2017-12-31,2017,INDL,C,D,STD,F,USD,115902.0000,34890.0000,18492.0000,126345.0000,3973.3520,3975.0000,2584.0000,0.0000,1.9100,-959.0000,10277.0000,20435.0000,94600.0000,7602.0000,,63049.0000,156776.0000,,520.0000,4399.0000,A,12.4900
004839,2018-12-31,2018,INDL,C,D,STD,F,USD,114649.0000,35932.0000,16718.0000,130081.0000,3978.5520,3974.0000,2905.0000,0.0000,0.9300,-828.0000,11220.0000,17233.0000,95569.0000,3677.0000,,65812.0000,160338.0000,,650.0000,5157.0000,A,7.6500
004839,2019-12-31,2019,INDL,C,D,STD,F,USD,114047.0000,33185.0000,17504.0000,127866.0000,3964.9300,3972.0000,2389.0000,0.0000,0.0100,206.0000,10786.0000,17147.0000,98132.0000,47.0000,,63139.0000,155900.0000,,-724.0000,5409.0000,A,9.3000
004839,2020-12-31,2020,INDL,C,D,STD,F,USD,116744.0000,30690.0000,25243.0000,107046.0000,3978.6950,3973.0000,596.0000,0.0000,-0.3200,148.0000,10808.0000,24718.0000,97192.0000,-1279.0000,12104.0000,52575.0000,127144.0000,,160.0000,5051.0000,A,8.7900
004839,2021-12-31,2021,INDL,C,D,STD,F,USD,108996.0000,48519.0000,20540.0000,108999.0000,4004.2480,3991.0000,403.0000,0.0000,4.4900,-1778.0000,12065.0000,29053.0000,90727.0000,17937.0000,,44038.0000,136341.0000,,-130.0000,4593.0000,A,20.7700
004839,2022-12-31,2022,INDL,C,D,STD,F,USD,116476.0000,43242.0000,25134.0000,129004.0000,3986.1820,4014.0000,2009.0000,0.0000,-0.4900,-2576.0000,14080.0000,18936.0000,96866.0000,-1981.0000,,54636.0000,158057.0000,,-864.0000,4593.0000,A,11.6300
005073,2010-12-31,2010,INDL,C,D,STD,GM,USD,,25789.0000,21061.0000,111571.0000,1500.1370,1500.0000,1572.0000,1504.0000,3.1100,-2229.0000,12125.0000,7885.0000,,6172.0000,-641.0000,16896.0000,135592.0000,0.0000,672.0000,1197.0000,A,36.8600
005073,2011-12-31,2011,INDL,C,D,STD,GM,USD,,27729.0000,15499.0000,125164.0000,1564.7270,1536.0000,916.0000,859.0000,4.9400,-2760.0000,14324.0000,17469.0000,,9190.0000,-1572.0000,19111.0000,150276.0000,0.0000,-110.0000,835.0000,A,20.2700
005073,2012-12-31,2012,INDL,C,D,STD,GM,USD,69996.0000,25853.0000,18422.0000,132229.0000,1366.3740,1566.0000,859.0000,859.0000,3.1000,-326.0000,14714.0000,9674.0000,53992.0000,6188.0000,-460.0000,14439.0000,152256.0000,0.0000,-34831.0000,889.0000,A,28.8300
005073,2013-12-31,2013,INDL,C,D,STD,GM,USD,81501.0000,39498.0000,20021.0000,130909.0000,1500.0000,1393.0000,1687.0000,1576.0000,2.7100,59.0000,14039.0000,10219.0000,62412.0000,5346.0000,8.0000,22813.0000,155427.0000,0.0000,2127.0000,1130.0000,A,40.8700
005073,2014-12-31,2014,INDL,C,D,STD,GM,USD,83670.0000,35457.0000,18954.0000,131657.0000,1600.0000,1605.0000,3165.0000,1145.0000,1.7500,-309.0000,13642.0000,10560.0000,65701.0000,3949.0000,-3248.0000,25606.0000,155929.0000,0.0000,228.0000,1899.0000,A,34.9100
005073,2015-12-31,2015,INDL,C,D,STD,GM,USD,78007.0000,39871.0000,15238.0000,123800.0000,1500.0000,1586.0000,2242.0000,0.0000,6.1100,-1350.0000,13764.0000,9753.0000,71466.0000,9687.0000,-1378.0000,26388.0000,152356.0000,0.0000,-1897.0000,2160.0000,A,34.0100
005073,2016-12-31,2016,INDL,C,D,STD,GM,USD,76203.0000,43836.0000,12960.0000,132907.0000,1500.0000,1540.0000,2368.0000,0.0000,6.1200,-320.0000,13788.0000,13454.0000,85181.0000,9427.0000,-4008.0000,31703.0000,166380.0000,0.0000,2416.0000,2820.0000,A,34.8400
005073,2017-12-31,2017,INDL,C,D,STD,GM,USD,68744.0000,35001.0000,15512.0000,111064.0000,1400.0000,1465.0000,2233.0000,0.0000,0.2300,440.0000,10663.0000,10058.0000,76890.0000,-3864.0000,-697.0000,28685.0000,145588.0000,0.0000,11533.0000,3321.0000,A,40.9900
005073,2018-12-31,2018,INDL,C,D,STD,GM,USD,75293.0000,38860.0000,20844.0000,115260.0000,1400.0000,1411.0000,2242.0000,0.0000,5.6600,399.0000,9816.0000,8049.0000,82237.0000,8014.0000,-2114.0000,33399.0000,147049.0000,0.0000,474.0000,3880.0000,A,33.4500
005073,2019-12-31,2019,INDL,C,D,STD,GM,USD,74992.0000,41792.0000,19069.0000,106389.0000,1400.0000,1424.0000,2350.0000,0.0000,4.6200,-761.0000,10398.0000,7526.0000,84905.0000,6732.0000,100.0000,33398.0000,137237.0000,0.0000,769.0000,4423.0000,A,36.6000
005073,2020-12-31,2020,INDL,C,D,STD,GM,USD,80924.0000,45030.0000,19992.0000,92431.0000,1400.0000,1433.0000,669.0000,0.0000,4.3600,-104.0000,10235.0000,11627.0000,79910.0000,6427.0000,1403.0000,34244.0000,122485.0000,0.0000,1774.0000,4121.0000,A,41.6400
005073,2021-12-31,2021,INDL,C,D,STD,GM,USD,82103.0000,59744.0000,20067.0000,94078.0000,1500.0000,1451.0000,186.0000,0.0000,6.7800,-3155.0000,12988.0000,11544.0000,74408.0000,10019.0000,3347.0000,34043.0000,127004.0000,0.0000,2771.0000,3496.0000,A,58.6300
005073,2022-12-31,2022,INDL,C,D,STD,GM,USD,100451.0000,67792.0000,19153.0000,120879.0000,1400.0000,1445.0000,397.0000,0.0000,6.1700,-2581.0000,15366.0000,14506.0000,91174.0000,9934.0000,-9483.0000,46957.0000,156735.0000,0.0000,1889.0000,3868.0000,A,33.6400
005691,2010-03-31,2009,INDL,C,D,STD,HMC,USD,49397.4730,46345.1820,11990.3850,61938.4040,1814.6030,1814.6060,660.5570,0.0000,1.5800,3779.3790,10017.4410,39.7650,36607.3880,2873.6620,-73.9830,21238.0510,91854.1110,20.2250,1572.4730,134.3900,A,35.2900
005691,2011-03-31,2010,INDL,C,D,STD,HMC,USD,56670.4570,53769.6350,15454.6160,71480.8130,1802.3020,1806.3610,1113.7020,0.0000,3.5700,-406.9120,10872.5590,30.0510,43114.9350,6453.4560,467.6170,23184.6180,107985.3430,9.1260,2499.1180,102.3920,A,37.5100
005691,2012-03-31,2011,INDL,C,D,STD,HMC,USD,57506.2010,53423.2980,15133.0300,65261.4370,1802.2990,1802.3010,1312.1950,0.0000,1.4200,-1871.3990,12568.6080,55.3210,43438.4060,2566.2180,-430.4700,22981.1430,96445.7590,9.1290,1647.0700,125.9310,A,38.4300
005691,2013-03-31,2012,INDL,C,D,STD,HMC,USD,56531.9990,53499.1190,12809.3460,71736.3320,1802.2970,1802.2990,1378.1330,0.0000,2.1600,-792.9270,12908.0400,157.9760,43507.7000,3899.2030,-961.0770,23884.6960,104905.9790,9.1310,1900.7650,129.1100,A,38.2600
005691,2014-03-31,2013,INDL,C,D,STD,HMC,USD,56042.5910,57476.9760,11350.8840,77507.9620,1802.2910,1802.2940,1382.6080,0.0000,3.0900,-28.1710,12651.9230,361.8960,45749.9420,5574.9370,-899.5730,25469.8580,114997.5820,9.1370,2453.5060,123.3540,A,35.3400
005691,2015-03-31,2014,INDL,C,D,STD,HMC,USD,52485.3280,59258.3110,,77007.2850,1802.2870,1802.2890,1322.1160,0.0000,2.3600,-469.1990,12490.0970,,44190.1800,4246.7070,2260.1120,24338.3790,111104.5260,9.1410,2043.5060,151.6670,A,32.7600
005691,2016-03-31,2015,INDL,C,D,STD,HMC,USD,55520.6010,60144.3960,,89440.1090,1802.2840,1802.2850,1410.7900,0.0000,1.7000,590.6870,11682.0140,,48659.9450,3064.6770,2367.7280,24486.1050,129880.3690,9.1440,2037.8220,161.4130,A,27.3400
005691,2017-03-31,2016,INDL,C,D,STD,HMC,USD,58840.9210,65481.5190,,85877.5430,1802.2800,1802.2820,1455.9290,0.0000,3.0700,-647.5540,12244.2330,,48728.4990,5534.2340,805.5110,23722.8620,125654.7890,9.1480,2940.4180,111.9380,A,30.2600
005691,2018-03-31,2017,INDL,C,D,STD,HMC,USD,65209.8680,74703.7480,,99307.5810,1778.2780,1793.0890,1640.4990,0.0000,5.5600,-1910.6970,14345.1510,,52957.6180,9974.9250,-2035.9320,24869.6980,144643.5600,33.1500,-128.6820,122.1280,A,34.7300
005691,2019-03-31,2018,INDL,C,D,STD,HMC,USD,66306.9040,74613.4450,,99773.8090,1759.5610,1763.9830,1753.2320,0.0000,3.1200,-549.6570,14320.2290,,53977.6700,5507.9000,-2268.4410,24771.6180,143389.5250,51.8670,2735.2780,119.2790,A,27.1700
005691,2020-03-31,2019,INDL,C,D,STD,HMC,USD,67851.7170,74461.6890,,96561.5330,1726.6100,1752.0060,1828.9080,0.0000,2.4200,-556.9670,14503.0920,,53810.0090,4235.4620,2196.1960,23347.6780,138760.8840,84.8180,2602.0410,229.4460,A,22.4600
005691,2021-03-31,2020,INDL,C,D,STD,HMC,USD,68525.7450,82116.9430,,81504.5230,1726.6550,1726.6380,1311.8200,0.0000,3.4400,617.3570,13974.4190,,51675.8470,5944.0560,-1751.5220,23475.7580,119080.1940,84.7730,1976.5360,125.4680,A,30.2000
005691,2022-03-31,2021,INDL,C,D,STD,HMC,USD,72807.8970,86242.2390,,83098.0960,1710.6000,1719.9620,1551.4640,0.0000,3.3900,-1720.2210,15798.9740,,49445.3850,5822.5980,3999.7040,21335.5420,119839.4140,100.8280,2548.5990,138.8970,A,28.2600
034067,2016-12-31,2016,INDL,C,D,STD,NIO,USD,126.0300,-562.4050,83.7240,0.0000,17.7740,1011.0420,0.0000,0.0000,-0.3600,0.0000,0.0000,0.0000,104.6470,-365.3050,,26.3390,0.0000,14.2300,0.6220,0.0080,A,
034067,2017-12-31,2017,INDL,C,D,STD,NIO,USD,1277.2240,-1783.3620,1153.6440,0.0000,23.8500,1011.0420,0.0000,0.0000,-0.7600,-13.7500,13.7500,1.6300,248.7610,-766.1400,,77.7700,0.0000,12.8770,1.2150,2.7790,A,
034067,2018-12-31,2018,INDL,C,D,STD,NIO,USD,1769.3990,994.0690,455.6450,757.0770,1050.7990,1019.4760,0.0000,0.0000,-1.3800,-200.0430,213.0380,757.7550,1249.4320,-1404.5950,-193.5470,291.1000,719.8740,6.9320,3.2050,17.9770,A,6.3700
034067,2019-12-31,2019,INDL,C,D,STD,NIO,USD,707.7420,-904.7370,123.9180,1245.0500,1064.4720,1029.9320,0.0000,0.0000,-1.5900,81.7410,127.7510,27.7910,1364.1900,-1639.1060,-109.8060,404.9920,1123.7830,2.9960,1.1330,53.2150,A,4.0200
034067,2020-12-31,2020,INDL,C,D,STD,NIO,USD,7031.0850,4134.1600,5847.0430,2117.9980,1526.5390,1182.6610,0.0000,0.0000,-0.7200,-30.1030,164.5750,613.0370,2126.7020,-853.7690,21.1650,386.6970,2473.8970,2.4920,0.9690,64.8250,A,48.7400
034067,2021-12-31,2021,INDL,C,D,STD,NIO,USD,10018.4500,5464.0550,2413.8420,4432.8040,1643.6690,1572.7020,0.0000,0.0000,-1.0600,-155.9330,323.7120,6305.0010,4596.3890,-1664.2990,-497.7430,919.8290,5688.6150,18.0800,6.6530,43.9820,A,31.6800
039337,2019-12-31,2019,INDL,C,D,STD,LCID,USD,,,,,,,,,,,,,,,,,,,,,A,
039337,2020-12-31,2020,INDL,C,D,STD,LCID,USD,,,,,,,,,,,,,,,,,,,,,A,
039337,2021-12-31,2021,INDL,C,D,STD,LCID,USD,6506.9770,3909.3550,6262.9050,91.9900,1647.5560,740.3940,0.0000,2167.3320,-6.4100,-175.0910,127.2500,10.7400,396.1010,-2579.7610,-2.8880,3.1480,27.1110,0.8570,0.0490,1.3740,A,38.0500
039337,2022-12-31,2022,INDL,C,D,STD,LCID,USD,4912.0280,4349.7010,1735.7650,1459.5030,1829.3150,1678.3460,0.0000,0.0000,-0.7800,-1256.3490,834.4010,2178.7860,937.5590,-1304.4600,-16.4980,19.5420,608.1810,0.8580,0.3790,33.2960,A,6.8300
039811,2019-12-31,2019,INDL,C,D,STD,RIVN,USD,2293.0000,-375.0000,2264.0000,0.0000,100.5980,876.5210,0.0000,0.0000,-0.4900,0.0000,0.0000,0.0000,185.0000,-426.0000,0.0000,0.0000,0.0000,0.0000,0.0000,34.0000,A,
039811,2020-12-31,2020,INDL,C,D,STD,RIVN,USD,3016.0000,-1384.0000,2979.0000,0.0000,101.3280,876.5210,0.0000,0.0000,-1.1600,0.0000,0.0000,0.0000,611.0000,-1018.0000,0.0000,0.0000,0.0000,0.0000,0.0000,8.0000,A,
039811,2021-12-31,2021,INDL,C,D,STD,RIVN,USD,18559.0000,19514.0000,,416.0000,900.0000,876.5210,0.0000,0.0000,-5.3500,-369.0000,274.0000,,1313.0000,-4688.0000,-20.0000,26.0000,55.0000,0.0000,0.0000,29.0000,A,103.6900
039811,2022-12-31,2022,INDL,C,D,STD,RIVN,USD,13130.0000,13799.0000,,4306.0000,926.0000,913.0000,0.0000,0.0000,-7.4000,-1657.0000,1348.0000,,2424.0000,-6752.0000,-76.0000,102.0000,1658.0000,0.0000,4.0000,103.0000,A,18.4300
100737,2010-12-31,2010,INDL,C,D,STD,VWAGY,USD,114028.4780,61008.2080,24773.2230,130182.1590,2325.9420,2249.6500,1058.8660,0.0000,4.0300,-3326.5380,23394.5740,7299.2770,102038.6100,9069.3620,-6743.3060,54341.8640,170226.6750,0.0000,2345.9600,1528.5890,A,28.3200
100737,2011-12-31,2011,INDL,C,D,STD,VWAGY,USD,137046.7720,74645.3440,23728.9140,159820.8740,2326.1630,2326.0560,1642.3820,0.0000,8.5900,-5492.7680,35741.9120,7973.2060,131099.9490,19990.0960,-11743.1600,64588.6750,208704.4350,0.0000,4056.6570,1718.9230,A,26.9110
100737,2012-12-31,2012,INDL,C,D,STD,VWAGY,USD,149082.2350,102211.2790,24378.2770,193086.5530,2326.1630,2337.8490,2206.0180,0.0000,12.2500,606.5560,37809.5360,9801.1540,139129.4420,28636.0360,-10377.3820,73012.2010,256103.7660,0.0000,4757.5090,2364.2500,A,42.9140
100737,2013-12-31,2013,INDL,C,D,STD,VWAGY,USD,168368.3570,118125.9890,31936.9660,205866.5270,2326.1900,2430.4820,2547.7370,37.2030,5.1400,-1406.8360,39480.9690,11701.1270,163453.3880,12529.2440,-11490.3080,79927.8450,274101.5120,0.0000,4523.6450,2223.9310,A,54.2630
100737,2014-12-31,2014,INDL,C,D,STD,VWAGY,USD,158645.3200,102797.9950,23140.7420,184471.2740,2378.6560,2480.4030,2374.2160,165.7840,5.2900,-2679.1610,38077.0070,13142.8960,158167.3310,13291.7390,-12391.4240,79251.8690,247878.0940,0.0000,4508.8320,2262.8880,A,43.5860
100737,2015-12-31,2015,INDL,C,D,STD,VWAGY,USD,157875.7430,87414.9490,22663.8190,175978.9570,2506.4760,2506.4760,2732.1240,230.2110,-0.6900,-3419.4990,38058.6230,16296.1010,161244.2050,-1487.6830,-10283.4730,74604.5880,233728.0310,0.0000,64.0680,1850.3740,A,30.9160
100737,2016-12-31,2016,INDL,C,D,STD,VWAGY,USD,164317.8540,89820.7350,20328.4280,165252.7620,2506.4760,2506.4760,384.0930,237.4200,2.1700,-3837.7620,41129.5860,18487.1050,187313.8280,5665.3690,-12286.7490,77522.3770,231204.8720,0.0000,2018.5970,1800.1710,A,28.8480
100737,2017-12-31,2017,INDL,C,D,STD,VWAGY,USD,192486.6460,117528.2740,22189.0050,198335.3500,2506.4760,2506.4760,1601.3300,329.4030,5.4500,-5048.0380,48586.9130,19161.8660,192819.6560,13979.1820,-16291.0120,94438.8210,279779.5920,0.0000,2735.0050,1925.9250,A,40.5150
100737,2018-12-31,2018,INDL,C,D,STD,VWAGY,USD,210129.9240,119665.8410,33131.0460,192346.2300,5012.9520,5012.9520,2719.1320,353.7730,2.7000,-6150.3900,52373.3400,19554.8510,192306.1580,13894.4770,-15664.4890,98116.5790,272751.2430,0.0000,3995.6930,1039.5670,A,15.9010
100737,2019-12-31,2019,INDL,C,D,STD,VWAGY,USD,210367.7320,122450.3300,29090.3420,201284.7870,5012.9520,5012.9520,3253.2080,605.9790,2.9900,-756.3510,52453.0630,18817.8810,188441.4040,15582.6290,-13117.1930,102855.8990,285873.7930,0.0000,4855.6840,2082.7710,A,19.4470
100737,2020-12-31,2020,INDL,C,D,STD,VWAGY,USD,234982.7680,134202.8560,40873.4330,190752.3340,5012.9520,5012.9520,3558.2990,642.4710,2.0000,1607.9850,52823.6310,25508.3780,199382.8980,10688.1580,1171.6350,107565.0310,272127.9440,0.0000,3426.9120,2202.2410,A,20.8130
100737,2021-12-31,2021,INDL,C,D,STD,VWAGY,USD,227859.7960,147863.7170,45177.9900,199758.7520,5012.9520,5012.9520,3436.9980,613.0180,3.3700,2399.7570,49729.5670,25626.2230,186968.3870,17494.3440,7088.9510,99269.2010,287351.0300,0.0000,5343.1560,1869.7640,A,29.3850
117768,2010-01-31,2009,INDL,C,D,STD,NVDA,USD,2480.8300,2665.1400,447.2210,2042.2320,561.4660,549.5740,0.0000,0.0000,-0.1200,204.6560,330.6740,1281.0060,784.3780,-67.9870,-56.7410,374.9630,3326.4450,90.9260,-14.3070,3.3200,A,15.3900
117768,2011-01-31,2010,INDL,C,D,STD,NVDA,USD,3226.9500,3181.4620,665.3610,1953.0260,588.5560,575.1770,0.0000,0.0000,0.4400,-14.1280,345.5250,1825.2020,942.6820,253.1460,26.3410,348.7700,3543.3090,92.0430,18.0230,3.1270,A,23.9200
117768,2012-01-31,2011,INDL,C,D,STD,NVDA,USD,3905.3580,4145.7240,667.8760,1729.9080,612.1910,603.6460,0.0000,0.0000,0.9600,18.8840,340.2970,2461.7000,929.9580,581.0900,26.2360,336.1430,3997.9300,93.1610,82.3060,3.0890,A,14.7700
117768,2013-01-31,2012,INDL,C,D,STD,NVDA,USD,4775.2580,4827.7030,732.7860,1827.5810,616.7560,619.3240,46.8660,0.0000,0.9100,-78.9490,419.6860,2995.0970,976.2230,562.5360,-118.9400,454.2520,4280.1590,103.3970,99.5030,3.2940,A,12.2600
117768,2014-01-31,2013,INDL,C,D,STD,NVDA,USD,5624.7110,4456.3980,1151.5870,1627.2930,567.9970,587.8930,181.3360,0.0000,0.7500,24.6510,387.7650,3520.2230,945.4960,439.9900,28.8520,426.3570,4130.1620,167.2460,70.2640,10.4430,A,15.7000
117768,2015-01-31,2014,INDL,C,D,STD,NVDA,USD,5713.2970,4417.9820,496.6540,1861.9050,544.9130,552.3190,186.4520,0.0000,1.1400,-94.9840,482.8930,4126.6850,896.0300,630.5870,-49.3240,473.6370,4681.5070,213.9590,124.2490,46.1330,A,19.2050
117768,2016-01-31,2015,INDL,C,D,STD,NVDA,USD,6053.0000,4469.0000,596.0000,1982.0000,539.0000,543.0000,213.0000,0.0000,1.1300,66.0000,418.0000,4441.0000,2351.0000,614.0000,-32.0000,505.0000,5010.0000,241.0000,129.0000,47.0000,A,29.2900
117768,2017-01-31,2016,INDL,C,D,STD,NVDA,USD,8536.0000,5762.0000,1766.0000,2651.0000,585.0000,541.0000,261.0000,0.0000,3.0800,-375.0000,794.0000,5032.0000,1788.0000,1666.0000,-321.0000,826.0000,6910.0000,283.0000,239.0000,58.0000,A,109.1800
117768,2018-01-31,2017,INDL,C,D,STD,NVDA,USD,9255.0000,7471.0000,4002.0000,3693.0000,606.0000,599.0000,341.0000,0.0000,5.0900,0.0000,796.0000,3106.0000,1153.0000,3047.0000,-440.0000,1265.0000,9714.0000,326.0000,149.0000,61.0000,A,245.8000
117768,2019-01-31,2018,INDL,C,D,STD,NVDA,USD,10557.0000,9342.0000,782.0000,4248.0000,606.0000,608.0000,371.0000,0.0000,6.8100,-776.0000,1575.0000,6640.0000,1329.0000,4141.0000,-149.0000,1424.0000,11716.0000,339.0000,-245.0000,58.0000,A,143.7500
117768,2020-01-31,2019,INDL,C,D,STD,NVDA,USD,13690.0000,12204.0000,10896.0000,3755.0000,612.0000,609.0000,390.0000,0.0000,4.5900,597.0000,979.0000,1.0000,1784.0000,2796.0000,-233.0000,1657.0000,10918.0000,342.0000,174.0000,52.0000,A,236.4300
117768,2021-01-31,2020,INDL,C,D,STD,NVDA,USD,16055.0000,16893.0000,847.0000,4982.0000,620.0000,617.0000,395.0000,0.0000,7.0200,-524.0000,1826.0000,10714.0000,3925.0000,4332.0000,-550.0000,2429.0000,16675.0000,345.0000,77.0000,184.0000,A,519.5900
117768,2022-01-31,2021,INDL,C,D,STD,NVDA,USD,28829.0000,26612.0000,1990.0000,8265.0000,2506.0000,2496.0000,399.0000,0.0000,3.9100,-774.0000,2605.0000,19218.0000,4335.0000,9752.0000,-2215.0000,4650.0000,26914.0000,0.0000,189.0000,236.0000,A,244.8600
117768,2023-01-31,2022,INDL,C,D,STD,NVDA,USD,23073.0000,22101.0000,3389.0000,10075.0000,2466.0000,2487.0000,398.0000,0.0000,1.7600,-2554.0000,5159.0000,9907.0000,6563.0000,4368.0000,822.0000,3827.0000,26974.0000,0.0000,-187.0000,262.0000,A,195.3700
184996,2010-12-31,2010,INDL,C,D,STD,TSLA,USD,235.8860,207.0480,99.5580,75.3900,94.9080,93.1820,0.0000,0.0000,-1.6600,-20.1150,45.1820,73.5970,85.5650,-154.3280,-3.2220,6.7100,116.7440,0.0000,0.1730,1.7920,A,26.6300
184996,2011-12-31,2011,INDL,C,D,STD,TSLA,USD,372.8380,224.0450,255.2660,125.7280,104.5300,100.3890,0.0000,0.0000,-2.5300,,50.0820,48.5370,191.3390,-254.4110,-2.8290,9.5390,204.2420,0.0000,0.4890,5.1430,A,28.5600
184996,2012-12-31,2012,INDL,C,D,STD,TSLA,USD,524.7680,124.7000,201.8900,354.3640,114.2140,107.3490,0.0000,0.0000,-3.6900,,268.5040,19.0940,539.1080,-396.2130,-17.3030,26.8420,413.2560,0.0000,0.1360,7.8540,A,33.8700
184996,2013-12-31,2013,INDL,C,D,STD,TSLA,USD,1265.9390,667.1200,845.8890,1451.1510,123.0910,119.4210,0.0000,0.0000,-0.6200,,340.3550,3.0120,675.1600,-74.0140,-21.9170,49.1090,2013.4960,0.0000,2.5880,20.0490,A,150.4290
184996,2014-12-31,2014,INDL,C,D,STD,TSLA,USD,3198.6570,911.7100,1905.7130,2084.7540,125.6880,124.5390,0.0000,0.0000,-2.3600,,953.6750,17.9470,2107.1660,-294.0400,-183.6580,226.6040,3198.3560,0.0000,9.4040,113.6480,A,222.4100
184996,2015-12-31,2015,INDL,C,D,STD,TSLA,USD,2791.5680,1088.9440,1196.9080,2699.9320,131.4250,128.2020,0.0000,0.0000,-6.9300,,1277.8380,22.6280,2816.2740,-888.6630,46.2670,168.9650,4046.0250,0.0000,13.0390,160.3280,A,240.0100
184996,2016-12-31,2016,INDL,C,D,STD,TSLA,USD,6259.7960,4752.9110,3393.2160,4453.7760,161.5610,144.2120,0.0000,0.0000,-4.6800,,2067.4540,105.5190,5827.0050,-674.9140,-213.0970,499.1420,7000.1320,0.0000,26.6980,245.5010,A,213.6900
184996,2017-12-31,2017,INDL,C,D,STD,TSLA,USD,6570.5200,4237.2420,3367.9140,7900.2610,168.7970,165.7580,0.0000,0.0000,-11.8300,-178.8500,2263.5370,155.3230,7674.6700,-1961.4000,,515.3810,11758.7510,0.0000,31.5460,596.1720,A,311.3500
184996,2018-12-31,2018,INDL,C,D,STD,TSLA,USD,8306.3080,4923.2430,3685.6180,15531.4610,172.6030,170.5250,0.0000,0.0000,-5.7200,-1023.2640,3113.4460,192.5510,9992.1360,-976.0910,,949.0220,21461.2680,0.0000,57.8370,717.9710,A,332.8000
184996,2019-12-31,2019,INDL,C,D,STD,TSLA,USD,12103.0000,6618.0000,6268.0000,18402.0000,181.0000,177.0000,0.0000,0.0000,-4.9200,-429.0000,3552.0000,246.0000,10667.0000,-862.0000,-367.0000,1324.0000,24578.0000,0.0000,110.0000,716.0000,A,418.3300
184996,2020-12-31,2020,INDL,C,D,STD,TSLA,USD,26717.0000,22225.0000,19384.0000,22351.0000,960.0000,933.0000,0.0000,0.0000,0.7400,-422.0000,4101.0000,238.0000,14248.0000,721.0000,-652.0000,1912.0000,31536.0000,0.0000,292.0000,691.0000,A,705.6700
184996,2021-12-31,2021,INDL,C,D,STD,TSLA,USD,27100.0000,30189.0000,17576.0000,37306.0000,1033.0000,986.0000,0.0000,0.0000,5.6000,-1709.0000,5757.0000,476.0000,19705.0000,5519.0000,-130.0000,1997.0000,53823.0000,0.0000,699.0000,348.0000,A,1056.7800
184996,2022-12-31,2022,INDL,C,D,STD,TSLA,USD,40917.0000,44704.0000,16253.0000,56862.0000,3164.0000,3130.0000,0.0000,0.0000,4.0200,-6465.0000,12839.0000,6226.0000,26709.0000,12556.0000,-1124.0000,3123.0000,81462.0000,0.0000,1132.0000,191.0000,A,123.1800
